pair_id,manual_points,manual_inliers,manual_reproj_mean_px,manual_reproj_median_px,manual_reproj_rmse_px,passes_5px_alignment
pair_001,8.0,8.0,1.9254114627838133,1.687811255455017,2.1551673412323,True
pair_002,9.0,8.0,3.7079150676727295,3.8636319637298575,4.3696112632751465,True
pair_003,9.0,7.0,2.4318690299987797,2.058724164962769,2.595515012741089,True
pair_004,7.0,5.0,5.339924812316895,4.072949409484863,7.184016227722168,True
